﻿Fab,Customer,Chipbody,Lot,Wafer,Thickness,Type,Length,Coordinate,Time
Fab,Customer,Chipbody,VVVVVVVVVVV,VVVVVV-01,粗,直線,14.48,305;149;248;433,2019_10_18 14_10_05
Fab,Customer,Chipbody,VVVVVVVVVVV,VVVVVV-02,粗,直線,14.70,211;158;394;388,2019_10_18 14_10_05
Fab,Customer,Chipbody,VVVVVVVVVVV,VVVVVV-03,粗,直線,11.23,224;141;174;360,2019_10_18 14_10_05
Fab,Customer,Chipbody,VVVVVVVVVVV,VVVVVV-04,粗,直線,12.12,444;138;478;378,2019_10_18 14_10_05
Fab,Customer,Chipbody,VVVVVVVVVVV,VVVVVV-04,粗,直線,8.89,399;217;362;391,2019_10_18 14_10_05
